category,sequence,new_filename,old_filename,old_folder,extension
GEN,1,FU-GEN-0001.jpg,Authority-Approvals-in-Dubai-1536x466.jpg,root,.jpg
APV,1,FU-APV-0001.webp,exterior-after-contemporary-concrete-and-glas-022.webp,approvals,.webp
APV,2,FU-APV-0002.webp,exterior-after-contemporary-curved-architectu-280.webp,approvals,.webp
APV,3,FU-APV-0003.webp,exterior-after-contemporary-geometric-archite-315.webp,approvals,.webp
APV,4,FU-APV-0004.webp,exterior-after-contemporary-horizontal-panel--107.webp,approvals,.webp
APV,5,FU-APV-0005.webp,exterior-after-curved-modern-facade-with-mixe-142.webp,approvals,.webp
APV,6,FU-APV-0006.webp,exterior-after-grey-metal-cladding-panels-102.webp,approvals,.webp
GEN,2,FU-GEN-0002.webp,approved-authorities-dubai-hero.webp,root,.webp
GEN,3,FU-GEN-0003.webp,approved-authorities-dubai.webp,root,.webp
GEN,4,FU-GEN-0004.webp,authority-approvals-dubai.webp,root,.webp
BTH,1,FU-BTH-0001.webp,bathroom-after-black-framed-glass-shower-encl-080.webp,bathroom,.webp
BTH,2,FU-BTH-0002.webp,bathroom-after-black-framed-glass-shower-encl-091.webp,bathroom,.webp
BTH,3,FU-BTH-0003.webp,bathroom-after-black-matte-rainfall-shower-sy-249.webp,bathroom,.webp
BTH,4,FU-BTH-0004.webp,bathroom-after-chrome-framed-glass-shower-enc-096.webp,bathroom,.webp
BTH,5,FU-BTH-0005.webp,bathroom-after-dark-hexagonal-tile-accent-wal-178.webp,bathroom,.webp
BTH,6,FU-BTH-0006.webp,bathroom-after-floating-white-vanity-with-int-071.webp,bathroom,.webp
BTH,7,FU-BTH-0007.webp,bathroom-after-floating-wooden-vanity-unit-092.webp,bathroom,.webp
BTH,8,FU-BTH-0008.webp,bathroom-after-floating-wooden-vanity-with-du-143.webp,bathroom,.webp
BTH,9,FU-BTH-0009.webp,bathroom-after-freestanding-white-bathtub-wit-177.webp,bathroom,.webp
BTH,10,FU-BTH-0010.webp,bathroom-after-glass-shower-enclosure-with-ch-095.webp,bathroom,.webp
BTH,11,FU-BTH-0011.webp,bathroom-after-glass-sliding-doors-on-bathtub-144.webp,bathroom,.webp
BTH,12,FU-BTH-0012.webp,bathroom-after-large-format-beige-marble-wall-207.webp,bathroom,.webp
BTH,13,FU-BTH-0013.webp,bathroom-after-large-oval-mirror-with-black-m-246.webp,bathroom,.webp
BTH,14,FU-BTH-0014.webp,bathroom-after-matte-black-tall-single-handle-206.webp,bathroom,.webp
BTH,15,FU-BTH-0015.webp,bathroom-after-olive-green-subway-tile-walls-292.webp,bathroom,.webp
BTH,16,FU-BTH-0016.webp,bathroom-after-walk-in-marble-shower-with-gla-176.webp,bathroom,.webp
BTH,17,FU-BTH-0017.webp,bathroom-after-wall-mounted-toilet-with-conce-205.webp,bathroom,.webp
BTH,18,FU-BTH-0018.webp,bathroom-after-wall-mounted-toilet-with-conce-248.webp,bathroom,.webp
BTH,19,FU-BTH-0019.webp,calacatta-bath-chandelier-glass-enclosure.webp,bathroom,.webp
BTH,20,FU-BTH-0020.webp,freestanding-bath-reeded-glass-partition.webp,bathroom,.webp
BTH,21,FU-BTH-0021.webp,minimalist-bath-black-vanity-glass-shower.webp,bathroom,.webp
BTH,22,FU-BTH-0022.webp,mirror-reeded-glass-gold-pendants.webp,bathroom,.webp
BTH,23,FU-BTH-0023.webp,spacious-bath-glass-partition-herringbone.webp,bathroom,.webp
BTH,24,FU-BTH-0024.webp,travertine-bath-frameless-glass-divider.webp,bathroom,.webp
CMY,1,FU-CMY-0001.webp,exterior-after-black-aluminum-pergola-with-ho-106.webp,community,.webp
CMY,2,FU-CMY-0002.webp,exterior-after-custom-putting-green-with-sand-168.webp,community,.webp
CMY,3,FU-CMY-0003.webp,other-after-living-green-wall-with-neon-li-046.webp,community,.webp
CMY,4,FU-CMY-0004.webp,pool-after-glass-panel-infinity-pool-with-031.webp,community,.webp
CMY,5,FU-CMY-0005.webp,pool-after-glass-walled-infinity-pool-wit-008.webp,community,.webp
CMY,6,FU-CMY-0006.webp,pool-after-infinity-edge-pool-design-014.webp,community,.webp
CMY,7,FU-CMY-0007.webp,pool-after-infinity-edge-pool-with-mosaic-006.webp,community,.webp
BLD,1,FU-BLD-0001.webp,exterior-after-blue-solar-panel-arrays-coveri-073.webp,construction,.webp
BLD,2,FU-BLD-0002.webp,exterior-after-contemporary-geometric-archite-332.webp,construction,.webp
BLD,3,FU-BLD-0003.webp,exterior-after-curved-architectural-walls-313.webp,construction,.webp
BLD,4,FU-BLD-0004.webp,exterior-after-curved-modern-entrance-with-ho-322.webp,construction,.webp
BLD,5,FU-BLD-0005.webp,exterior-after-curved-modern-facade-271.webp,construction,.webp
BLD,6,FU-BLD-0006.webp,exterior-after-cylindrical-architectural-elem-331.webp,construction,.webp
BLD,7,FU-BLD-0007.webp,exterior-after-floor-to-ceiling-glass-walls-208.webp,construction,.webp
BLD,8,FU-BLD-0008.webp,exterior-after-floor-to-ceiling-glass-windows-285.webp,construction,.webp
BLD,9,FU-BLD-0009.webp,exterior-after-geometric-perforated-metal-scr-296.webp,construction,.webp
BLD,10,FU-BLD-0010.webp,exterior-after-large-solar-panel-array-instal-128.webp,construction,.webp
BLD,11,FU-BLD-0011.webp,exterior-after-large-solar-panel-array-instal-129.webp,construction,.webp
BLD,12,FU-BLD-0012.webp,exterior-after-modern-minimalist-architecture-310.webp,construction,.webp
BLD,13,FU-BLD-0013.webp,exterior-after-red-clay-tile-roof-319.webp,construction,.webp
BLD,14,FU-BLD-0014.webp,exterior-after-transparent-acrylic-dome-110.webp,construction,.webp
BLD,15,FU-BLD-0015.webp,exterior-after-wooden-pergola-with-slatted-ro-306.webp,construction,.webp
BLD,16,FU-BLD-0016.webp,exterior-not-applicable-jumeirah-golf-estates-artificial-putting-green-036.webp,construction,.webp
BLD,17,FU-BLD-0017.webp,exterior-not-applicable-multiple-high-capacity-hvac-un-130.webp,construction,.webp
BLD,18,FU-BLD-0018.webp,exterior-not-applicable-smart-home-automation-system-166.webp,construction,.webp
BLD,19,FU-BLD-0019.webp,exterior-not-applicable-solar-panel-installation-127.webp,construction,.webp
BLD,20,FU-BLD-0020.webp,exterior-not-applicable-solar-panel-installations-126.webp,construction,.webp
BLD,21,FU-BLD-0021.webp,other-after-exposed-brick-accent-wall-068.webp,construction,.webp
BLD,22,FU-BLD-0022.webp,other-after-industrial-black-ceiling-with--059.webp,construction,.webp
BLD,23,FU-BLD-0023.webp,other-not-applicable-central-hvac-unit-in-attic-081.webp,construction,.webp
BLD,24,FU-BLD-0024.webp,other-not-applicable-exposed-industrial-ceiling-wit-051.webp,construction,.webp
BLD,25,FU-BLD-0025.webp,other-not-applicable-exposed-industrial-ceiling-wit-056.webp,construction,.webp
BLD,26,FU-BLD-0026.webp,other-not-applicable-industrial-exposed-ceiling-wit-054.webp,construction,.webp
BLD,27,FU-BLD-0027.webp,other-not-applicable-industrial-grade-air-handling--123.webp,construction,.webp
BLD,28,FU-BLD-0028.webp,other-not-applicable-industrial-hvac-units-122.webp,construction,.webp
BLD,29,FU-BLD-0029.webp,other-not-applicable-industrial-style-exposed-ceili-064.webp,construction,.webp
BLD,30,FU-BLD-0030.webp,other-not-applicable-solar-panel-array-system-159.webp,construction,.webp
BLD,31,FU-BLD-0031.webp,other-not-applicable-stainless-steel-construction-112.webp,construction,.webp
CTR,1,FU-CTR-0001.webp,lowrise-unicorn-rebar-formwork.webp,contracting,.webp
CTR,2,FU-CTR-0002.webp,lowrise-unicorn-signboard-blockwork.webp,contracting,.webp
CTR,3,FU-CTR-0003.webp,structural-rebar-formwork-column.webp,contracting,.webp
CTR,4,FU-CTR-0004.webp,villa-construction-aerial-crane.webp,contracting,.webp
CTR,5,FU-CTR-0005.webp,villa-workers-closeup.webp,contracting,.webp
CTR,6,FU-CTR-0006.webp,villa-workers-facade.webp,contracting,.webp
CTR,7,FU-CTR-0007.webp,villa-workers-scaffolding.webp,contracting,.webp
CTR,8,FU-CTR-0008.webp,worker-plastering-detail.webp,contracting,.webp
GEN,5,FU-GEN-0005.webp,design-approvals-stamp-hero.webp,root,.webp
GEN,6,FU-GEN-0006.webp,design-approvals-stamp.webp,root,.webp
GEN,7,FU-GEN-0007.webp,drawing-approval-process-7-steps.webp,root,.webp
EDU,1,FU-EDU-0001.svg,edu-design-approvals.svg,edu,.svg
EDU,2,FU-EDU-0002.svg,edu-read-renovation-quote.svg,edu,.svg
EDU,3,FU-EDU-0003.svg,edu-villa-renovation-costs.svg,edu,.svg
EDU,4,FU-EDU-0004.svg,edu-why-renovations-go-wrong.svg,edu,.svg
GLS,1,FU-GLS-0001.webp,bifold-doors-balcony-view.webp,glass,.webp
GLS,2,FU-GLS-0002.webp,bifold-doors-pool-courtyard.webp,glass,.webp
GLS,3,FU-GLS-0003.webp,curved-glass-office-partition.webp,glass,.webp
GLS,4,FU-GLS-0004.webp,double-shower-herringbone-reeded-glass.webp,glass,.webp
GLS,5,FU-GLS-0005.webp,glass-aluminium-after-black-aluminum-frame-090.webp,glass,.webp
GLS,6,FU-GLS-0006.webp,glass-aluminium-after-circular-glass-dome-ceiling-158.webp,glass,.webp
GLS,7,FU-GLS-0007.webp,glass-aluminium-after-curved-glass-panels-with-alumi-111.webp,glass,.webp
GLS,8,FU-GLS-0008.webp,glass-aluminium-after-dark-aluminum-frame-with-clean-109.webp,glass,.webp
GLS,9,FU-GLS-0009.webp,glass-aluminium-after-floor-to-ceiling-glass-curtain-098.webp,glass,.webp
GLS,10,FU-GLS-0010.webp,glass-aluminium-after-floor-to-ceiling-glass-curtain-100.webp,glass,.webp
GLS,11,FU-GLS-0011.webp,glass-aluminium-after-floor-to-ceiling-glass-curtain-147.webp,glass,.webp
GLS,12,FU-GLS-0012.webp,glass-aluminium-after-floor-to-ceiling-glass-doors-w-084.webp,glass,.webp
GLS,13,FU-GLS-0013.webp,glass-aluminium-after-floor-to-ceiling-glass-garage--108.webp,glass,.webp
GLS,14,FU-GLS-0014.webp,glass-aluminium-after-floor-to-ceiling-glass-panels-097.webp,glass,.webp
GLS,15,FU-GLS-0015.webp,glass-aluminium-after-floor-to-ceiling-glass-partiti-085.webp,glass,.webp
GLS,16,FU-GLS-0016.webp,glass-aluminium-after-floor-to-ceiling-glass-partiti-153.webp,glass,.webp
GLS,17,FU-GLS-0017.webp,glass-aluminium-after-four-geometric-skylights-with--103.webp,glass,.webp
GLS,18,FU-GLS-0018.webp,glass-aluminium-after-four-large-roof-skylights-with-104.webp,glass,.webp
GLS,19,FU-GLS-0019.webp,glass-aluminium-after-frameless-glass-panels-116.webp,glass,.webp
GLS,20,FU-GLS-0020.webp,glass-aluminium-after-high-quality-white-aluminum-wi-088.webp,glass,.webp
GLS,21,FU-GLS-0021.webp,glass-aluminium-after-modern-aluminum-window-frame-087.webp,glass,.webp
GLS,22,FU-GLS-0022.webp,glass-aluminium-after-stainless-steel-posts-and-hand-114.webp,glass,.webp
GLS,23,FU-GLS-0023.webp,glass-aluminium-after-structural-glazing-with-spider-101.webp,glass,.webp
GLS,24,FU-GLS-0024.webp,glass-aluminium-after-structural-glazing-with-stainl-115.webp,glass,.webp
GLS,25,FU-GLS-0025.webp,glass-pavilion-outdoor-living.webp,glass,.webp
GLS,26,FU-GLS-0026.webp,glass-shower-enclosure-bathroom-real.webp,glass,.webp
GLS,27,FU-GLS-0027.webp,glass-shower-enclosure-stone-mosaic.webp,glass,.webp
GLS,28,FU-GLS-0028.webp,glass-shower-marble-gold-fixtures.webp,glass,.webp
GLS,29,FU-GLS-0029.webp,glass-staircase-balustrade-timber.webp,glass,.webp
GLS,30,FU-GLS-0030.webp,led-backlit-full-length-mirrors.webp,glass,.webp
GLS,31,FU-GLS-0031.webp,luxury-marble-shower-enclosure-led-niche.webp,glass,.webp
GLS,32,FU-GLS-0032.webp,luxury-vanity-oval-mirrors-real.webp,glass,.webp
GLS,33,FU-GLS-0033.webp,office-glass-partitions-commercial.webp,glass,.webp
GLS,34,FU-GLS-0034.webp,other-after-floor-to-ceiling-glass-partiti-042.webp,glass,.webp
GLS,35,FU-GLS-0035.webp,other-after-floor-to-ceiling-glass-partiti-052.webp,glass,.webp
GLS,36,FU-GLS-0036.webp,other-after-floor-to-ceiling-glass-partiti-066.webp,glass,.webp
GLS,37,FU-GLS-0037.webp,other-after-floor-to-ceiling-glass-partiti-069.webp,glass,.webp
GLS,38,FU-GLS-0038.webp,other-after-glass-panel-railings-with-meta-113.webp,glass,.webp
GLS,39,FU-GLS-0039.webp,other-after-glass-partition-walls-062.webp,glass,.webp
GLS,40,FU-GLS-0040.webp,other-after-glass-walled-conference-room-w-317.webp,glass,.webp
GLS,41,FU-GLS-0041.webp,other-after-glass-walled-meeting-rooms-wit-049.webp,glass,.webp
GLS,42,FU-GLS-0042.webp,shower-enclosure-black-frame-grey.webp,glass,.webp
GLS,43,FU-GLS-0043.webp,sliding-doors-garden-villa.webp,glass,.webp
GLS,44,FU-GLS-0044.webp,villa-staircase-glass-balustrade-stone.webp,glass,.webp
GLS,45,FU-GLS-0045.webp,walk-in-shower-frosted-glass-panel.webp,glass,.webp
HRO,1,FU-HRO-0001.webp,bathroom-after-black-framed-glass-shower-encl-091.webp,hero,.webp
HRO,2,FU-HRO-0002.webp,bathroom-after-chrome-framed-glass-shower-enc-096.webp,hero,.webp
HRO,3,FU-HRO-0003.webp,bathroom-after-floating-wooden-vanity-unit-092.webp,hero,.webp
HRO,4,FU-HRO-0004.webp,exterior-after-black-aluminum-pergola-with-ho-106.webp,hero,.webp
HRO,5,FU-HRO-0005.webp,exterior-after-contemporary-horizontal-panel--107.webp,hero,.webp
HRO,6,FU-HRO-0006.webp,exterior-after-grey-metal-cladding-panels-102.webp,hero,.webp
HRO,7,FU-HRO-0007.webp,glass-aluminium-after-black-aluminum-frame-090.webp,hero,.webp
HRO,8,FU-HRO-0008.webp,glass-aluminium-after-curved-glass-panels-with-alumi-111.webp,hero,.webp
HRO,9,FU-HRO-0009.webp,glass-aluminium-after-dark-aluminum-frame-with-clean-109.webp,hero,.webp
HRO,10,FU-HRO-0010.webp,kitchen-after-exposed-red-brick-accent-wall-070.webp,hero,.webp
HRO,11,FU-HRO-0011.webp,kitchen-after-smart-home-digital-interface-w-002.webp,hero,.webp
HRO,12,FU-HRO-0012.webp,living-room-after-black-framed-tilt-and-turn-win-089.webp,hero,.webp
HRO,13,FU-HRO-0013.webp,living-room-after-floor-to-ceiling-sliding-glass-086.webp,hero,.webp
HRO,14,FU-HRO-0014.webp,living-room-after-organic-curved-sofa-and-armcha-141.webp,hero,.webp
HRO,15,FU-HRO-0015.webp,other-after-curved-glass-panel-railing-sys-117.webp,hero,.webp
INT,1,FU-INT-0001.webp,bedroom-after-arched-window-with-cloud-view-201.webp,interiors,.webp
INT,2,FU-INT-0002.webp,bedroom-after-built-in-wardrobes-with-led-st-318.webp,interiors,.webp
INT,3,FU-INT-0003.webp,bedroom-after-built-in-window-seat-with-upho-314.webp,interiors,.webp
INT,4,FU-INT-0004.webp,bedroom-after-built-in-wooden-bed-frame-with-078.webp,interiors,.webp
INT,5,FU-INT-0005.webp,bedroom-after-built-in-workspace-integrated--282.webp,interiors,.webp
INT,6,FU-INT-0006.webp,bedroom-after-classical-ornate-wall-moldings-214.webp,interiors,.webp
INT,7,FU-INT-0007.webp,bedroom-after-crystal-chandelier-with-coffer-169.webp,interiors,.webp
INT,8,FU-INT-0008.webp,bedroom-after-crystal-chandelier-with-hangin-035.webp,interiors,.webp
INT,9,FU-INT-0009.webp,bedroom-after-curved-glass-ceiling-with-mult-227.webp,interiors,.webp
INT,10,FU-INT-0010.webp,bedroom-after-curved-upholstered-headboard-i-323.webp,interiors,.webp
INT,11,FU-INT-0011.webp,bedroom-after-custom-arched-pink-upholstered-239.webp,interiors,.webp
INT,12,FU-INT-0012.webp,bedroom-after-custom-upholstered-fabric-head-312.webp,interiors,.webp
INT,13,FU-INT-0013.webp,bedroom-after-custom-wall-paneling-with-rais-180.webp,interiors,.webp
INT,14,FU-INT-0014.webp,bedroom-after-dark-navy-painted-accent-wall-223.webp,interiors,.webp
INT,15,FU-INT-0015.webp,bedroom-after-glass-ceiling-with-multiple-sk-210.webp,interiors,.webp
INT,16,FU-INT-0016.webp,bedroom-after-minimalist-scandinavian-design-077.webp,interiors,.webp
INT,17,FU-INT-0017.webp,bedroom-after-statement-gold-branch-chandeli-028.webp,interiors,.webp
INT,18,FU-INT-0018.webp,bedroom-after-suspended-vertical-brass-light-307.webp,interiors,.webp
INT,19,FU-INT-0019.webp,bedroom-after-teal-textured-upholstered-head-209.webp,interiors,.webp
INT,20,FU-INT-0020.webp,bedroom-after-upholstered-beige-headboard-wi-243.webp,interiors,.webp
INT,21,FU-INT-0021.webp,bedroom-after-white-lacquered-vanity-console-235.webp,interiors,.webp
INT,22,FU-INT-0022.webp,bedroom-after-white-lacquered-vanity-desk-wi-230.webp,interiors,.webp
INT,23,FU-INT-0023.webp,full-villa-after-contemporary-cubic-architectur-145.webp,interiors,.webp
INT,24,FU-INT-0024.webp,full-villa-after-floating-cantilever-staircase--279.webp,interiors,.webp
INT,25,FU-INT-0025.webp,full-villa-after-infinity-pool-with-glass-edge-277.webp,interiors,.webp
INT,26,FU-INT-0026.webp,living-room-after-black-framed-tilt-and-turn-win-089.webp,interiors,.webp
INT,27,FU-INT-0027.webp,living-room-after-black-marble-dining-table-with-179.webp,interiors,.webp
INT,28,FU-INT-0028.webp,living-room-after-built-in-aquarium-with-led-lig-241.webp,interiors,.webp
INT,29,FU-INT-0029.webp,living-room-after-built-in-coffee-station-with-l-288.webp,interiors,.webp
INT,30,FU-INT-0030.webp,living-room-after-built-in-dark-wood-entertainme-033.webp,interiors,.webp
INT,31,FU-INT-0031.webp,living-room-after-cane-webbed-dining-chairs-with-222.webp,interiors,.webp
INT,32,FU-INT-0032.webp,living-room-after-crystal-chandelier-centerpiece-167.webp,interiors,.webp
INT,33,FU-INT-0033.webp,living-room-after-crystal-tiered-chandelier-175.webp,interiors,.webp
INT,34,FU-INT-0034.webp,living-room-after-crystal-tiered-chandelier-cent-076.webp,interiors,.webp
INT,35,FU-INT-0035.webp,living-room-after-curved-contemporary-sofa-seati-265.webp,interiors,.webp
INT,36,FU-INT-0036.webp,living-room-after-curved-modular-sofa-in-neutral-335.webp,interiors,.webp
INT,37,FU-INT-0037.webp,living-room-after-curved-organic-furniture-desig-274.webp,interiors,.webp
INT,38,FU-INT-0038.webp,living-room-after-curved-organic-pendant-lightin-303.webp,interiors,.webp
INT,39,FU-INT-0039.webp,living-room-after-curved-rust-colored-velvet-arm-289.webp,interiors,.webp
INT,40,FU-INT-0040.webp,living-room-after-curved-velvet-sofa-262.webp,interiors,.webp
INT,41,FU-INT-0041.webp,living-room-after-curved-white-sectional-sofa-016.webp,interiors,.webp
INT,42,FU-INT-0042.webp,living-room-after-custom-burgundy-built-in-shelv-263.webp,interiors,.webp
INT,43,FU-INT-0043.webp,living-room-after-custom-golden-tube-pendant-cha-021.webp,interiors,.webp
INT,44,FU-INT-0044.webp,living-room-after-custom-light-wood-floating-she-245.webp,interiors,.webp
INT,45,FU-INT-0045.webp,living-room-after-custom-wooden-slat-entertainme-236.webp,interiors,.webp
INT,46,FU-INT-0046.webp,living-room-after-dark-botanical-feature-wall-wi-219.webp,interiors,.webp
INT,47,FU-INT-0047.webp,living-room-after-dark-walnut-dining-table-with--233.webp,interiors,.webp
INT,48,FU-INT-0048.webp,living-room-after-dark-wood-dining-table-with-cl-211.webp,interiors,.webp
INT,49,FU-INT-0049.webp,living-room-after-double-height-ceiling-with-exp-225.webp,interiors,.webp
INT,50,FU-INT-0050.webp,living-room-after-double-height-ceilings-with-co-079.webp,interiors,.webp
INT,51,FU-INT-0051.webp,living-room-after-emerald-green-sculptural-chand-173.webp,interiors,.webp
INT,52,FU-INT-0052.webp,living-room-after-exposed-brick-accent-wall-257.webp,interiors,.webp
INT,53,FU-INT-0053.webp,living-room-after-exposed-brick-accent-wall-258.webp,interiors,.webp
INT,54,FU-INT-0054.webp,living-room-after-exposed-brick-accent-wall-259.webp,interiors,.webp
INT,55,FU-INT-0055.webp,living-room-after-exposed-brick-accent-wall-261.webp,interiors,.webp
INT,56,FU-INT-0056.webp,living-room-after-exposed-white-wooden-beam-ceil-234.webp,interiors,.webp
INT,57,FU-INT-0057.webp,living-room-after-floor-to-ceiling-built-in-shel-284.webp,interiors,.webp
INT,58,FU-INT-0058.webp,living-room-after-floor-to-ceiling-decorative-wa-301.webp,interiors,.webp
INT,59,FU-INT-0059.webp,living-room-after-floor-to-ceiling-glass-windows-273.webp,interiors,.webp
INT,60,FU-INT-0060.webp,living-room-after-floor-to-ceiling-marble-firepl-229.webp,interiors,.webp
INT,61,FU-INT-0061.webp,living-room-after-floor-to-ceiling-sliding-glass-086.webp,interiors,.webp
INT,62,FU-INT-0062.webp,living-room-after-floor-to-ceiling-windows-with--242.webp,interiors,.webp
INT,63,FU-INT-0063.webp,living-room-after-floor-to-ceiling-windows-with--254.webp,interiors,.webp
INT,64,FU-INT-0064.webp,living-room-after-floor-to-ceiling-windows-with--267.webp,interiors,.webp
INT,65,FU-INT-0065.webp,living-room-after-glass-dining-table-with-dark-w-237.webp,interiors,.webp
INT,66,FU-INT-0066.webp,living-room-after-gold-leaf-decorative-ceiling-w-034.webp,interiors,.webp
INT,67,FU-INT-0067.webp,living-room-after-grey-sectional-sofa-with-plush-260.webp,interiors,.webp
INT,68,FU-INT-0068.webp,living-room-after-large-colorful-abstract-artwor-240.webp,interiors,.webp
INT,69,FU-INT-0069.webp,living-room-after-light-blue-sectional-sofa-with-212.webp,interiors,.webp
INT,70,FU-INT-0070.webp,living-room-after-multiple-circular-gold-rimmed--171.webp,interiors,.webp
INT,71,FU-INT-0071.webp,living-room-after-natural-wood-paneling-and-cabi-226.webp,interiors,.webp
INT,72,FU-INT-0072.webp,living-room-after-nested-circular-coffee-tables--148.webp,interiors,.webp
INT,73,FU-INT-0073.webp,living-room-after-neutral-beige-color-palette-th-215.webp,interiors,.webp
INT,74,FU-INT-0074.webp,living-room-after-neutral-color-palette-121.webp,interiors,.webp
INT,75,FU-INT-0075.webp,living-room-after-organic-curved-sofa-and-armcha-141.webp,interiors,.webp
INT,76,FU-INT-0076.webp,living-room-after-ornate-ceiling-moldings-and-ch-218.webp,interiors,.webp
INT,77,FU-INT-0077.webp,living-room-after-ornate-ceiling-moldings-and-de-232.webp,interiors,.webp
INT,78,FU-INT-0078.webp,living-room-after-sculptural-white-staircase-wit-231.webp,interiors,.webp
INT,79,FU-INT-0079.webp,living-room-after-smart-home-technology-integrat-003.webp,interiors,.webp
INT,80,FU-INT-0080.webp,living-room-after-vertical-striped-accent-wall-t-238.webp,interiors,.webp
INT,81,FU-INT-0081.webp,living-room-after-white-quilted-sectional-sofas--172.webp,interiors,.webp
INT,82,FU-INT-0082.webp,other-after-black-angular-dining-table-wit-250.webp,interiors,.webp
INT,83,FU-INT-0083.webp,other-after-blue-corporate-branding-elemen-044.webp,interiors,.webp
INT,84,FU-INT-0084.webp,other-after-blue-upholstered-seating-area-060.webp,interiors,.webp
INT,85,FU-INT-0085.webp,other-after-bold-geometric-wall-patterns-a-268.webp,interiors,.webp
INT,86,FU-INT-0086.webp,other-after-brown-leather-reclining-cinema-038.webp,interiors,.webp
INT,87,FU-INT-0087.webp,other-after-built-in-banquette-seating-wit-039.webp,interiors,.webp
INT,88,FU-INT-0088.webp,other-after-built-in-desk-with-integrated--304.webp,interiors,.webp
INT,89,FU-INT-0089.webp,other-after-curved-black-curtain-rod-syste-213.webp,interiors,.webp
INT,90,FU-INT-0090.webp,other-after-curved-metallic-mesh-display-s-057.webp,interiors,.webp
INT,91,FU-INT-0091.webp,other-after-dramatic-arched-doorway-with-b-183.webp,interiors,.webp
INT,92,FU-INT-0092.webp,other-after-exposed-white-ceiling-with-hva-050.webp,interiors,.webp
INT,93,FU-INT-0093.webp,other-after-fiber-optic-starlit-ceiling-023.webp,interiors,.webp
INT,94,FU-INT-0094.webp,other-after-geometric-black-and-white-hexa-152.webp,interiors,.webp
INT,95,FU-INT-0095.webp,other-after-geometric-led-lighting-system--156.webp,interiors,.webp
INT,96,FU-INT-0096.webp,other-after-geometric-patterned-tile-backs-309.webp,interiors,.webp
INT,97,FU-INT-0097.webp,other-after-green-fiber-optic-pendant-ligh-294.webp,interiors,.webp
INT,98,FU-INT-0098.webp,other-after-illuminated-glass-wardrobes-wi-184.webp,interiors,.webp
INT,99,FU-INT-0099.webp,other-after-industrial-black-ceiling-with--286.webp,interiors,.webp
INT,100,FU-INT-0100.webp,other-after-industrial-black-exposed-ceili-297.webp,interiors,.webp
INT,101,FU-INT-0101.webp,other-after-industrial-exposed-ceiling-wit-300.webp,interiors,.webp
INT,102,FU-INT-0102.webp,other-after-industrial-slatted-ceiling-des-266.webp,interiors,.webp
INT,103,FU-INT-0103.webp,other-after-large-circular-pendant-lights--275.webp,interiors,.webp
INT,104,FU-INT-0104.webp,other-after-large-sculptural-blue-ampersan-047.webp,interiors,.webp
INT,105,FU-INT-0105.webp,other-after-linear-led-ceiling-lighting-de-324.webp,interiors,.webp
INT,106,FU-INT-0106.webp,other-after-linear-led-strip-lighting-in-w-155.webp,interiors,.webp
INT,107,FU-INT-0107.webp,other-after-marble-dining-table-with-sleek-224.webp,interiors,.webp
INT,108,FU-INT-0108.webp,other-after-modular-workstation-desks-with-067.webp,interiors,.webp
INT,109,FU-INT-0109.webp,other-after-ornate-gold-gilded-frame-094.webp,interiors,.webp
INT,110,FU-INT-0110.webp,other-after-overhead-mesh-grid-with-integr-065.webp,interiors,.webp
INT,111,FU-INT-0111.webp,other-after-pyramid-shaped-skylight-with-g-105.webp,interiors,.webp
INT,112,FU-INT-0112.webp,other-after-silver-beveled-mirror-frame-093.webp,interiors,.webp
INT,113,FU-INT-0113.webp,other-after-sophisticated-led-strip-ceilin-299.webp,interiors,.webp
INT,114,FU-INT-0114.webp,other-after-suspended-kinetic-art-installa-276.webp,interiors,.webp
INT,115,FU-INT-0115.webp,other-after-textured-brick-wall-treatment-272.webp,interiors,.webp
INT,116,FU-INT-0116.webp,other-after-yellow-accent-chairs-contrasti-154.webp,interiors,.webp
JNR,1,FU-JNR-0001.webp,joinery-after-vertical-wood-slat-accent-wall-001.webp,joinery,.webp
JNR,2,FU-JNR-0002.webp,other-after-built-in-wooden-desk-with-natu-333.webp,joinery,.webp
JNR,3,FU-JNR-0003.webp,other-after-built-in-wooden-entertainment--041.webp,joinery,.webp
JNR,4,FU-JNR-0004.webp,other-after-dark-fluted-wood-bar-front-228.webp,joinery,.webp
JNR,5,FU-JNR-0005.webp,other-after-dark-marble-or-stone-staircase-170.webp,joinery,.webp
JNR,6,FU-JNR-0006.webp,other-after-dark-wood-vertical-slat-paneli-336.webp,joinery,.webp
JNR,7,FU-JNR-0007.webp,other-after-floating-wooden-staircase-with-025.webp,joinery,.webp
JNR,8,FU-JNR-0008.webp,other-after-modular-wooden-meeting-pods-wi-045.webp,joinery,.webp
JNR,9,FU-JNR-0009.webp,other-after-wood-look-tile-flooring-061.webp,joinery,.webp
JNR,10,FU-JNR-0010.webp,other-after-wooden-slat-pergola-ceiling-wi-217.webp,joinery,.webp
KIT,1,FU-KIT-0001.webp,kitchen-after-black-fluted-wood-island-desig-032.webp,kitchen,.webp
KIT,2,FU-KIT-0002.webp,kitchen-after-black-marble-feature-wall-with-018.webp,kitchen,.webp
KIT,3,FU-KIT-0003.webp,kitchen-after-black-marble-feature-walls-wit-019.webp,kitchen,.webp
KIT,4,FU-KIT-0004.webp,kitchen-after-bold-red-glossy-cabinet-doors-190.webp,kitchen,.webp
KIT,5,FU-KIT-0005.webp,kitchen-after-curved-black-curtain-rod-syste-221.webp,kitchen,.webp
KIT,6,FU-KIT-0006.webp,kitchen-after-dark-wood-veneer-cabinetry-wit-027.webp,kitchen,.webp
KIT,7,FU-KIT-0007.webp,kitchen-after-dramatic-black-marble-countert-247.webp,kitchen,.webp
KIT,8,FU-KIT-0008.webp,kitchen-after-exposed-black-ceiling-beams-302.webp,kitchen,.webp
KIT,9,FU-KIT-0009.webp,kitchen-after-exposed-brick-wall-with-integr-063.webp,kitchen,.webp
KIT,10,FU-KIT-0010.webp,kitchen-after-exposed-red-brick-accent-wall-070.webp,kitchen,.webp
KIT,11,FU-KIT-0011.webp,kitchen-after-handle-less-grey-cabinet-doors-196.webp,kitchen,.webp
KIT,12,FU-KIT-0012.webp,kitchen-after-handleless-beige-cabinet-doors-253.webp,kitchen,.webp
KIT,13,FU-KIT-0013.webp,kitchen-after-handleless-beige-kitchen-cabin-251.webp,kitchen,.webp
KIT,14,FU-KIT-0014.webp,kitchen-after-handleless-beige-kitchen-cabin-252.webp,kitchen,.webp
KIT,15,FU-KIT-0015.webp,kitchen-after-handleless-beige-kitchen-cabin-287.webp,kitchen,.webp
KIT,16,FU-KIT-0016.webp,kitchen-after-handleless-gray-kitchen-cabine-191.webp,kitchen,.webp
KIT,17,FU-KIT-0017.webp,kitchen-after-handleless-grey-kitchen-cabine-198.webp,kitchen,.webp
KIT,18,FU-KIT-0018.webp,kitchen-after-high-gloss-black-kitchen-cabin-017.webp,kitchen,.webp
KIT,19,FU-KIT-0019.webp,kitchen-after-large-black-framed-bi-fold-doo-083.webp,kitchen,.webp
KIT,20,FU-KIT-0020.webp,kitchen-after-light-oak-kitchen-cabinetry-wi-244.webp,kitchen,.webp
KIT,21,FU-KIT-0021.webp,kitchen-after-marble-countertops-with-grey-v-220.webp,kitchen,.webp
KIT,22,FU-KIT-0022.webp,kitchen-after-smart-home-digital-interface-w-002.webp,kitchen,.webp
KIT,23,FU-KIT-0023.webp,kitchen-after-stainless-steel-cabinet-finish-194.webp,kitchen,.webp
KIT,24,FU-KIT-0024.webp,kitchen-after-two-tone-cabinet-design-with-g-197.webp,kitchen,.webp
KIT,25,FU-KIT-0025.webp,kitchen-after-two-tone-cabinet-design-with-w-195.webp,kitchen,.webp
KIT,26,FU-KIT-0026.webp,kitchen-after-two-tone-gray-cabinetry-with-m-193.webp,kitchen,.webp
KIT,27,FU-KIT-0027.webp,kitchen-after-veined-marble-waterfall-island-182.webp,kitchen,.webp
KIT,28,FU-KIT-0028.webp,kitchen-after-vibrant-orange-cabinet-fronts-200.webp,kitchen,.webp
KIT,29,FU-KIT-0029.webp,kitchen-after-white-handleless-kitchen-cabin-192.webp,kitchen,.webp
KIT,30,FU-KIT-0030.webp,kitchen-after-white-handleless-kitchen-cabin-216.webp,kitchen,.webp
KIT,31,FU-KIT-0031.webp,kitchen-after-white-marble-waterfall-island--199.webp,kitchen,.webp
KIT,32,FU-KIT-0032.webp,kitchen-after-white-marble-waterfall-island-030.webp,kitchen,.webp
KTR,1,FU-KTR-0001.webp,kitchen-real-handleless-cabinets.webp,kitchen-real,.webp
KTR,2,FU-KTR-0002.webp,kitchen-real-marble-closeup.webp,kitchen-real,.webp
KTR,3,FU-KTR-0003.webp,kitchen-real-marble-countertop-sink.webp,kitchen-real,.webp
KTR,4,FU-KTR-0004.webp,kitchen-real-marble-island-full.webp,kitchen-real,.webp
KTR,5,FU-KTR-0005.webp,kitchen-real-sink-faucet-detail.webp,kitchen-real,.webp
KTR,6,FU-KTR-0006.webp,kitchen-real-wide-dual-island.webp,kitchen-real,.webp
POL,1,FU-POL-0001.webp,pool-after-blue-mosaic-tile-pool-finish-005.webp,pool,.webp
POL,2,FU-POL-0002.webp,pool-after-blue-mosaic-tile-pool-finish-012.webp,pool,.webp
POL,3,FU-POL-0003.webp,pool-after-classical-white-stone-columns--013.webp,pool,.webp
POL,4,FU-POL-0004.webp,pool-after-curved-swimming-pool-with-inte-037.webp,pool,.webp
POL,5,FU-POL-0005.webp,pool-after-glass-panel-railings-with-stai-174.webp,pool,.webp
POL,6,FU-POL-0006.webp,pool-after-infinity-edge-pool-009.webp,pool,.webp
POL,7,FU-POL-0007.webp,pool-after-infinity-edge-pool-298.webp,pool,.webp
POL,8,FU-POL-0008.webp,pool-after-infinity-edge-pool-design-308.webp,pool,.webp
POL,9,FU-POL-0009.webp,pool-after-infinity-edge-pool-with-beach--311.webp,pool,.webp
POL,10,FU-POL-0010.webp,pool-after-infinity-edge-pool-with-dark-s-010.webp,pool,.webp
POL,11,FU-POL-0011.webp,pool-after-infinity-edge-swimming-pool-029.webp,pool,.webp
POL,12,FU-POL-0012.webp,pool-after-infinity-overflow-pool-design-015.webp,pool,.webp
POL,13,FU-POL-0013.webp,pool-after-infinity-pool-design-011.webp,pool,.webp
POL,14,FU-POL-0014.webp,pool-after-infinity-pool-design-026.webp,pool,.webp
POL,15,FU-POL-0015.webp,pool-after-infinity-style-swimming-pool-w-120.webp,pool,.webp
POL,16,FU-POL-0016.webp,pool-after-knife-edge-infinity-pool-desig-149.webp,pool,.webp
POL,17,FU-POL-0017.webp,pool-after-large-rectangular-infinity-sty-024.webp,pool,.webp
POL,18,FU-POL-0018.webp,pool-after-linear-fire-pit-with-modern-re-020.webp,pool,.webp
POL,19,FU-POL-0019.webp,pool-after-long-rectangular-lap-pool-desi-164.webp,pool,.webp
POL,20,FU-POL-0020.webp,pool-after-mediterranean-architectural-st-150.webp,pool,.webp
POL,21,FU-POL-0021.webp,pool-after-modern-outdoor-furniture-with--293.webp,pool,.webp
POL,22,FU-POL-0022.webp,pool-after-modern-pergola-with-horizontal-327.webp,pool,.webp
POL,23,FU-POL-0023.webp,pool-after-modern-rectangular-pool-with-m-004.webp,pool,.webp
POL,24,FU-POL-0024.webp,pool-after-natural-stone-boulder-edging-119.webp,pool,.webp
POL,25,FU-POL-0025.webp,pool-after-rectangular-infinity-edge-pool-007.webp,pool,.webp
POL,26,FU-POL-0026.webp,pool-after-rectangular-infinity-edge-pool-163.webp,pool,.webp
POL,27,FU-POL-0027.webp,pool-after-rectangular-infinity-edge-swim-329.webp,pool,.webp
POL,28,FU-POL-0028.webp,pool-after-rectangular-infinity-style-poo-118.webp,pool,.webp
POL,29,FU-POL-0029.webp,pool-after-rectangular-lap-pool-design-165.webp,pool,.webp
POL,30,FU-POL-0030.webp,pool-after-rectangular-pool-with-white-co-162.webp,pool,.webp
POL,31,FU-POL-0031.webp,pool-after-turquoise-infinity-style-pool--181.webp,pool,.webp
POL,32,FU-POL-0032.webp,pool-gallery-balcony-pool-view.webp,pool,.webp
POL,33,FU-POL-0033.webp,pool-gallery-glass-wall-jacuzzi.webp,pool,.webp
POL,34,FU-POL-0034.webp,pool-gallery-modern-overflow.webp,pool,.webp
POL,35,FU-POL-0035.webp,pool-gallery-outdoor-living-sun-shelf.webp,pool,.webp
POL,36,FU-POL-0036.webp,pool-gallery-resort-waterfall.webp,pool,.webp
POL,37,FU-POL-0037.webp,pool-hero-before-after.webp,pool,.webp
POL,38,FU-POL-0038.webp,pool-type-fibreglass-arabian.webp,pool,.webp
POL,39,FU-POL-0039.webp,pool-type-fibreglass-modern.webp,pool,.webp
POL,40,FU-POL-0040.webp,pool-type-glass-wall-acrylic.webp,pool,.webp
POL,41,FU-POL-0041.webp,pool-type-glass-wall-firepit.webp,pool,.webp
POL,42,FU-POL-0042.webp,pool-type-jacuzzi-marble-courtyard.webp,pool,.webp
POL,43,FU-POL-0043.webp,pool-type-jacuzzi-spa-dubai-skyline.webp,pool,.webp
POL,44,FU-POL-0044.webp,pool-type-knife-edge-arabian.webp,pool,.webp
POL,45,FU-POL-0045.webp,pool-type-knife-edge-dusk.webp,pool,.webp
POL,46,FU-POL-0046.webp,pool-type-knife-edge-night.webp,pool,.webp
POL,47,FU-POL-0047.webp,pool-type-lap-mosaic-palms.webp,pool,.webp
POL,48,FU-POL-0048.webp,pool-type-lap-narrow.webp,pool,.webp
POL,49,FU-POL-0049.webp,pool-type-lap-stone-villa.webp,pool,.webp
POL,50,FU-POL-0050.webp,pool-type-natural-boulder.webp,pool,.webp
POL,51,FU-POL-0051.webp,pool-type-overflow-minimalist.webp,pool,.webp
POL,52,FU-POL-0052.webp,pool-type-plunge-indoor-marble.webp,pool,.webp
POL,53,FU-POL-0053.webp,pool-type-rooftop-skyline.webp,pool,.webp
POL,54,FU-POL-0054.webp,pool-type-skimmer-classic-villa.webp,pool,.webp
POL,55,FU-POL-0055.webp,pool-type-skimmer-evening-mosaic.webp,pool,.webp
PTF,1,FU-PTF-0001.jpg,bar-stone-wall-pool.jpg,portfolio,.jpg
PTF,2,FU-PTF-0002.jpg,bathroom-dark-hexagonal.jpg,portfolio,.jpg
PTF,3,FU-PTF-0003.jpg,bathroom-spa-sauna.jpg,portfolio,.jpg
PTF,4,FU-PTF-0004.jpg,bedroom-elegant-balcony.jpg,portfolio,.jpg
PTF,5,FU-PTF-0005.jpg,bedroom-master-chandelier.jpg,portfolio,.jpg
PTF,6,FU-PTF-0006.jpg,cinema-room-007.jpg,portfolio,.jpg
PTF,7,FU-PTF-0007.jpg,dining-chandelier-gold.jpg,portfolio,.jpg
PTF,8,FU-PTF-0008.jpg,golf-course-skyline.jpg,portfolio,.jpg
PTF,9,FU-PTF-0009.jpg,hero-firepit-pool-dusk.jpg,portfolio,.jpg
PTF,10,FU-PTF-0010.jpg,kitchen-open-plan-bar.jpg,portfolio,.jpg
PTF,11,FU-PTF-0011.jpg,living-gold-ceiling.jpg,portfolio,.jpg
PTF,12,FU-PTF-0012.jpg,living-pool-view.jpg,portfolio,.jpg
PTF,13,FU-PTF-0013.jpg,master-vanity-bath.jpg,portfolio,.jpg
PTF,14,FU-PTF-0014.jpg,sl-ar-savannah-3P9A1695-scaled.jpg,portfolio,.jpg
PTF,15,FU-PTF-0015.jpg,sl-ar-savannah-3P9A1712-scaled.jpg,portfolio,.jpg
PTF,16,FU-PTF-0016.jpg,sl-ar-savannah-3P9A1752-scaled.jpg,portfolio,.jpg
PTF,17,FU-PTF-0017.jpg,sl-ar-savannah-3P9A1771-scaled.jpg,portfolio,.jpg
PTF,18,FU-PTF-0018.jpg,sl-ar-savannah-3P9A1834-scaled.jpg,portfolio,.jpg
PTF,19,FU-PTF-0019.jpg,sl-ar-savannah-3P9A1858-scaled.jpg,portfolio,.jpg
PTF,20,FU-PTF-0020.jpg,sl-ar2-yasmine-3P9A2652-scaled.jpg,portfolio,.jpg
PTF,21,FU-PTF-0021.jpg,sl-ar2-yasmine-3P9A2671-scaled.jpg,portfolio,.jpg
PTF,22,FU-PTF-0022.jpg,sl-ar2-yasmine-3P9A2683-scaled.jpg,portfolio,.jpg
PTF,23,FU-PTF-0023.jpg,sl-ar2-yasmine-3P9A2741-scaled.jpg,portfolio,.jpg
PTF,24,FU-PTF-0024.jpg,sl-ar2-yasmine-3P9A2752-scaled.jpg,portfolio,.jpg
PTF,25,FU-PTF-0025.jpg,sl-ar2-yasmine-3P9A2859-scaled.jpg,portfolio,.jpg
PTF,26,FU-PTF-0026.jpg,sl-jge-flame-Jumeirah-Golf-Estate-Flame-Tree-Ridge-.jpg,portfolio,.jpg
PTF,27,FU-PTF-0027.jpg,sl-jge-flame-Jumeirah-Golf-Estate-Flame-Tree-Ridge-2.jpg,portfolio,.jpg
PTF,28,FU-PTF-0028.jpg,sl-jge-flame-Jumeirah-Golf-Estate-Flame-Tree-Ridge-3.jpg,portfolio,.jpg
PTF,29,FU-PTF-0029.jpg,sl-jge-flame-Jumeirah-Golf-Estate-Flame-Tree-Ridge-5.jpg,portfolio,.jpg
PTF,30,FU-PTF-0030.jpg,sl-jge-flame-Jumeirah-Golf-Estate-Flame-Tree-Ridge-6-(1).jpg,portfolio,.jpg
PTF,31,FU-PTF-0031.jpg,sl-jge-flame-Jumeirah-Golf-Estate-Flame-Tree-Ridge-6.jpg,portfolio,.jpg
PTF,32,FU-PTF-0032.jpg,sl-jge-flame-Jumeirah-Golf-Estate-Flame-Tree-Ridge-7.jpg,portfolio,.jpg
PTF,33,FU-PTF-0033.jpg,sl-jge-lime-Jumeirah-Golf-Estate-Lime-Tree-Valley-2.jpg,portfolio,.jpg
PTF,34,FU-PTF-0034.jpg,sl-jge-lime-Jumeirah-Golf-Estate-Lime-Tree-Valley-3-(1).jpg,portfolio,.jpg
PTF,35,FU-PTF-0035.jpg,sl-jge-lime-Jumeirah-Golf-Estate-Lime-Tree-Valley-3.jpg,portfolio,.jpg
PTF,36,FU-PTF-0036.jpg,sl-jge-lime-Jumeirah-Golf-Estate-Lime-Tree-Valley-4.jpg,portfolio,.jpg
PTF,37,FU-PTF-0037.jpg,sl-jge-lime-Jumeirah-Golf-Estate-Lime-Tree-Valley-5.jpg,portfolio,.jpg
PTF,38,FU-PTF-0038.jpg,sl-jge-lime-Jumeirah-Golf-Estate-Lime-Tree-Valley-6.jpg,portfolio,.jpg
PTF,39,FU-PTF-0039.jpg,sl-jge-lime-Jumeirah-Golf-Estate-Lime-Tree-Valley-7.jpg,portfolio,.jpg
PTF,40,FU-PTF-0040.jpg,sl-jge-limeval-GWD_JGE-A25_INTERIOR-113-scaled.jpg,portfolio,.jpg
PTF,41,FU-PTF-0041.jpg,sl-jge-limeval-GWD_JGE-A25_INTERIOR-18-scaled.jpg,portfolio,.jpg
PTF,42,FU-PTF-0042.jpg,sl-jge-limeval-GWD_JGE-A25_INTERIOR-36-scaled.jpg,portfolio,.jpg
PTF,43,FU-PTF-0043.jpg,sl-jge-limeval-GWD_JGE-A25_INTERIOR-76-scaled-(1).jpg,portfolio,.jpg
PTF,44,FU-PTF-0044.jpg,sl-jge-limeval-GWD_JGE-A25_INTERIOR-76-scaled.jpg,portfolio,.jpg
PTF,45,FU-PTF-0045.jpg,sl-jge-limeval-Jumeirah-Golf-Estate-Interior-GWD_JGE-A25_INTERIOR-53-scaled.jpg,portfolio,.jpg
PTF,46,FU-PTF-0046.jpg,sl-jge-limeval-Jumeirah-Golf-Estate-Interior-GWD_JGE-A25_INTERIOR-66-scaled.jpg,portfolio,.jpg
PTF,47,FU-PTF-0047.jpg,sl-jge-sanctuary-DSC08659-HDR-scaled.jpg,portfolio,.jpg
PTF,48,FU-PTF-0048.jpg,sl-jge-sanctuary-DSC08690-HDR-scaled.jpg,portfolio,.jpg
PTF,49,FU-PTF-0049.jpg,sl-jge-sanctuary-DSC08692-HDR-scaled.jpg,portfolio,.jpg
PTF,50,FU-PTF-0050.jpg,sl-jge-sanctuary-DSC08802-HDR-scaled.jpg,portfolio,.jpg
PTF,51,FU-PTF-0051.jpg,sl-jge-sanctuary-DSC08872-HDR-scaled.jpg,portfolio,.jpg
PTF,52,FU-PTF-0052.jpg,sl-jge-sanctuary-DSC08978-HDR-scaled.jpg,portfolio,.jpg
PTF,53,FU-PTF-0053.jpg,sl-jge-sanctuary-DSC08995-HDR-scaled.jpg,portfolio,.jpg
PTF,54,FU-PTF-0054.jpg,sl-jge-sanctuary-DSC09029-HDR-scaled-(1).jpg,portfolio,.jpg
PTF,55,FU-PTF-0055.jpg,sl-jge-sanctuary-DSC09029-HDR-scaled.jpg,portfolio,.jpg
PTF,56,FU-PTF-0056.jpg,sl-ji-3P9A0513-scaled-(1).jpg,portfolio,.jpg
PTF,57,FU-PTF-0057.jpg,sl-ji-3P9A0513-scaled.jpg,portfolio,.jpg
PTF,58,FU-PTF-0058.jpg,sl-ji-3P9A0602-scaled.jpg,portfolio,.jpg
PTF,59,FU-PTF-0059.jpg,sl-ji-3P9A0634-scaled-(1).jpg,portfolio,.jpg
PTF,60,FU-PTF-0060.jpg,sl-ji-3P9A0634-scaled.jpg,portfolio,.jpg
PTF,61,FU-PTF-0061.jpg,sl-ji-3P9A0655-scaled.jpg,portfolio,.jpg
PTF,62,FU-PTF-0062.jpg,sl-ji-3P9A0703-scaled.jpg,portfolio,.jpg
PTF,63,FU-PTF-0063.jpg,sl-ji-3P9A0723-scaled.jpg,portfolio,.jpg
PTF,64,FU-PTF-0064.jpg,sl-meadows-3P9A1941-scaled-(1).jpg,portfolio,.jpg
PTF,65,FU-PTF-0065.jpg,sl-meadows-3P9A1941-scaled.jpg,portfolio,.jpg
PTF,66,FU-PTF-0066.jpg,sl-meadows-3P9A1958-scaled-(1).jpg,portfolio,.jpg
PTF,67,FU-PTF-0067.jpg,sl-meadows-3P9A1958-scaled.jpg,portfolio,.jpg
PTF,68,FU-PTF-0068.jpg,sl-meadows-3P9A1973-scaled-(1).jpg,portfolio,.jpg
PTF,69,FU-PTF-0069.jpg,sl-meadows-3P9A1973-scaled.jpg,portfolio,.jpg
PTF,70,FU-PTF-0070.jpg,sl-meadows-3P9A2080-scaled-(1).jpg,portfolio,.jpg
PTF,71,FU-PTF-0071.jpg,sl-meadows-3P9A2080-scaled.jpg,portfolio,.jpg
PTF,72,FU-PTF-0072.jpg,sl-meadows-3P9A2112-scaled-(1).jpg,portfolio,.jpg
PTF,73,FU-PTF-0073.jpg,sl-meadows-3P9A2112-scaled.jpg,portfolio,.jpg
PTF,74,FU-PTF-0074.jpg,sl-meadows-3P9A2173-1-scaled-(1).jpg,portfolio,.jpg
PTF,75,FU-PTF-0075.jpg,sl-meadows-3P9A2173-1-scaled.jpg,portfolio,.jpg
PTF,76,FU-PTF-0076.jpg,sl-palm-3P9A2251-scaled.jpg,portfolio,.jpg
PTF,77,FU-PTF-0077.jpg,sl-palm-3P9A2265-scaled.jpg,portfolio,.jpg
PTF,78,FU-PTF-0078.jpg,sl-palm-3P9A2282-scaled.jpg,portfolio,.jpg
PTF,79,FU-PTF-0079.jpg,sl-palm-3P9A2290-scaled.jpg,portfolio,.jpg
PTF,80,FU-PTF-0080.jpg,sl-palm-3P9A2302-scaled.jpg,portfolio,.jpg
PTF,81,FU-PTF-0081.jpg,sl-palm-3P9A2315-scaled.jpg,portfolio,.jpg
PTF,82,FU-PTF-0082.jpg,sl-victory-3P9A2339-scaled-(1).jpg,portfolio,.jpg
PTF,83,FU-PTF-0083.jpg,sl-victory-3P9A2339-scaled.jpg,portfolio,.jpg
PTF,84,FU-PTF-0084.jpg,sl-victory-3P9A2357-scaled.jpg,portfolio,.jpg
PTF,85,FU-PTF-0085.jpg,sl-victory-3P9A2360-1-scaled.jpg,portfolio,.jpg
PTF,86,FU-PTF-0086.jpg,sl-victory-3P9A2418-scaled-(1).jpg,portfolio,.jpg
PTF,87,FU-PTF-0087.jpg,sl-victory-3P9A2418-scaled.jpg,portfolio,.jpg
PTF,88,FU-PTF-0088.jpg,sl-victory-3P9A2471-scaled.jpg,portfolio,.jpg
PTF,89,FU-PTF-0089.jpg,sl-victory-3P9A2571-scaled.jpg,portfolio,.jpg
PTF,90,FU-PTF-0090.jpg,staircase-marble-glass.jpg,portfolio,.jpg
PTF,91,FU-PTF-0091.jpg,v03-329451371_668268358402670_7604565116941878375_n.jpg,portfolio,.jpg
PTF,92,FU-PTF-0092.jpg,v03-329611015_855151688886134_3796153683075385272_n.jpg,portfolio,.jpg
PTF,93,FU-PTF-0093.jpg,v03-330528623_731839298567897_3156055495158454712_n.jpg,portfolio,.jpg
PTF,94,FU-PTF-0094.jpg,v03-334100362_172443878910224_5547908213164978732_n.jpg,portfolio,.jpg
PTF,95,FU-PTF-0095.jpg,v03-334150928_596092648734141_2304363146496678910_n.jpg,portfolio,.jpg
PTF,96,FU-PTF-0096.jpg,v03-334197300_1370066287111936_6777482904895133334_n.jpg,portfolio,.jpg
PTF,97,FU-PTF-0097.jpg,v03-334406997_1315956102311042_7722172306037957359_n.jpg,portfolio,.jpg
PTF,98,FU-PTF-0098.jpg,v03-garden-pool-palms.jpg,portfolio,.jpg
PTF,99,FU-PTF-0099.jpg,v04-329412559_537761384888906_2949965057326882160_n.jpg,portfolio,.jpg
PTF,100,FU-PTF-0100.jpg,v04-329960490_891358535406623_2304118567524786045_n.jpg,portfolio,.jpg
PTF,101,FU-PTF-0101.jpg,v04-330553568_584228726701067_713497456750464359_n.jpg,portfolio,.jpg
PTF,102,FU-PTF-0102.jpg,v04-334204897_1571311353375290_8703265121197329120_n.jpg,portfolio,.jpg
PTF,103,FU-PTF-0103.jpg,v04-334259277_1935990196741151_2446320479382140165_n.jpg,portfolio,.jpg
PTF,104,FU-PTF-0104.jpg,v04-334259303_226947196378240_7046135282998814761_n.jpg,portfolio,.jpg
PTF,105,FU-PTF-0105.jpg,v04-334293384_525118063072052_9091366164480658303_n.jpg,portfolio,.jpg
PTF,106,FU-PTF-0106.jpg,v04-334322035_575609224292524_2069523343466985760_n.jpg,portfolio,.jpg
PTF,107,FU-PTF-0107.jpg,v04-334549035_175594735210904_2616709454282611552_n.jpg,portfolio,.jpg
PTF,108,FU-PTF-0108.jpg,v04-entrance-floating-stair.jpg,portfolio,.jpg
PTF,109,FU-PTF-0109.jpg,v05-333541457_579172827466871_5780299489052189374_n.jpg,portfolio,.jpg
PTF,110,FU-PTF-0110.jpg,v05-333927736_3349264838695727_3479373318575661285_n.jpg,portfolio,.jpg
PTF,111,FU-PTF-0111.jpg,v05-333933384_966322061413477_152917231912761885_n (1).jpg,portfolio,.jpg
PTF,112,FU-PTF-0112.jpg,v05-333933384_966322061413477_152917231912761885_n.jpg,portfolio,.jpg
PTF,113,FU-PTF-0113.jpg,v05-333967373_5858094247577154_3924300323531599183_n.jpg,portfolio,.jpg
PTF,114,FU-PTF-0114.jpg,v05-334010358_968410634540990_3917484634900220216_n.jpg,portfolio,.jpg
PTF,115,FU-PTF-0115.jpg,v05-334067335_666221331968422_2148733113645803019_n.jpg,portfolio,.jpg
PTF,116,FU-PTF-0116.jpg,v05-334093164_900047854516111_4926815085390895457_n.jpg,portfolio,.jpg
PTF,117,FU-PTF-0117.jpg,v05-star-ceiling-marble.jpg,portfolio,.jpg
PTF,118,FU-PTF-0118.jpg,v05-sunset-firepit-pool.jpg,portfolio,.jpg
PTF,119,FU-PTF-0119.jpg,v06-332376597_2352356748284329_6101908432518101856_n.jpg,portfolio,.jpg
PTF,120,FU-PTF-0120.jpg,v06-332485538_892742585392299_7563386358638982773_n.jpg,portfolio,.jpg
PTF,121,FU-PTF-0121.jpg,v06-332571191_875650706886112_4106495894493656952_n.jpg,portfolio,.jpg
PTF,122,FU-PTF-0122.jpg,v06-332703727_424510689869106_6034393779713242937_n.jpg,portfolio,.jpg
PTF,123,FU-PTF-0123.jpg,v06-332741048_1273118790083224_5952623427761185186_n.jpg,portfolio,.jpg
PTF,124,FU-PTF-0124.jpg,v06-332989177_750774766371860_8300693199576765598_n.jpg,portfolio,.jpg
PTF,125,FU-PTF-0125.jpg,v06-333056100_475015794696215_8324585655688466652_n.jpg,portfolio,.jpg
PTF,126,FU-PTF-0126.jpg,v06-modern-kitchen.jpg,portfolio,.jpg
PTF,127,FU-PTF-0127.jpg,v07-garden-pool.jpg,portfolio,.jpg
PTF,128,FU-PTF-0128.jpg,v07-interior-04.jpg,portfolio,.jpg
PTF,129,FU-PTF-0129.jpg,v07-interior-05.jpg,portfolio,.jpg
PTF,130,FU-PTF-0130.jpg,v07-interior-06.jpg,portfolio,.jpg
PTF,131,FU-PTF-0131.jpg,v07-interior-07.jpg,portfolio,.jpg
PTF,132,FU-PTF-0132.jpg,v07-interior-08.jpg,portfolio,.jpg
PTF,133,FU-PTF-0133.jpg,v07-interior-09.jpg,portfolio,.jpg
PTF,134,FU-PTF-0134.jpg,v07-interior-10.jpg,portfolio,.jpg
PTF,135,FU-PTF-0135.jpg,v07-outdoor-02.jpg,portfolio,.jpg
PTF,136,FU-PTF-0136.jpg,v07-outdoor-03.jpg,portfolio,.jpg
PTF,137,FU-PTF-0137.jpg,v08-interior-01.jpg,portfolio,.jpg
PTF,138,FU-PTF-0138.jpg,v08-interior-02.jpg,portfolio,.jpg
PTF,139,FU-PTF-0139.jpg,v08-interior-04.jpg,portfolio,.jpg
PTF,140,FU-PTF-0140.jpg,v08-interior-05.jpg,portfolio,.jpg
PTF,141,FU-PTF-0141.jpg,v08-interior-06.jpg,portfolio,.jpg
PTF,142,FU-PTF-0142.jpg,v08-interior-07.jpg,portfolio,.jpg
PTF,143,FU-PTF-0143.jpg,v08-interior-08.jpg,portfolio,.jpg
PTF,144,FU-PTF-0144.jpg,v08-kitchen-wine.jpg,portfolio,.jpg
PTF,145,FU-PTF-0145.jpg,v09-interior-03.jpg,portfolio,.jpg
PTF,146,FU-PTF-0146.jpg,v09-interior-04.jpg,portfolio,.jpg
PTF,147,FU-PTF-0147.jpg,v09-interior-05.jpg,portfolio,.jpg
PTF,148,FU-PTF-0148.jpg,v09-interior-06.jpg,portfolio,.jpg
PTF,149,FU-PTF-0149.jpg,v09-interior-07.jpg,portfolio,.jpg
PTF,150,FU-PTF-0150.jpg,v09-living-seaview.jpg,portfolio,.jpg
PTF,151,FU-PTF-0151.jpg,v09-waterfront-01.jpg,portfolio,.jpg
PTF,152,FU-PTF-0152.jpg,v10-entrance-walnut.jpg,portfolio,.jpg
PTF,153,FU-PTF-0153.jpg,v10-interior-01.jpg,portfolio,.jpg
PTF,154,FU-PTF-0154.jpg,v10-interior-02.jpg,portfolio,.jpg
PTF,155,FU-PTF-0155.jpg,v10-interior-03.jpg,portfolio,.jpg
PTF,156,FU-PTF-0156.jpg,v10-interior-04.jpg,portfolio,.jpg
PTF,157,FU-PTF-0157.jpg,v10-interior-05.jpg,portfolio,.jpg
PTF,158,FU-PTF-0158.jpg,v11-dining-waterfront.jpg,portfolio,.jpg
PTF,159,FU-PTF-0159.jpg,v11-interior-01.jpg,portfolio,.jpg
PTF,160,FU-PTF-0160.jpg,v11-interior-02.jpg,portfolio,.jpg
PTF,161,FU-PTF-0161.jpg,v11-interior-03.jpg,portfolio,.jpg
PTF,162,FU-PTF-0162.jpg,v11-interior-05.jpg,portfolio,.jpg
PTF,163,FU-PTF-0163.jpg,v11-interior-06.jpg,portfolio,.jpg
PTF,164,FU-PTF-0164.jpg,v12-interior-01.jpg,portfolio,.jpg
PTF,165,FU-PTF-0165.jpg,v12-interior-02.jpg,portfolio,.jpg
PTF,166,FU-PTF-0166.jpg,v12-interior-04.jpg,portfolio,.jpg
PTF,167,FU-PTF-0167.jpg,v12-interior-05.jpg,portfolio,.jpg
PTF,168,FU-PTF-0168.jpg,v12-interior-06.jpg,portfolio,.jpg
PTF,169,FU-PTF-0169.jpg,v12-interior-07.jpg,portfolio,.jpg
PTF,170,FU-PTF-0170.jpg,v12-interior-08.jpg,portfolio,.jpg
PTF,171,FU-PTF-0171.jpg,v12-kitchen-grand.jpg,portfolio,.jpg
PTF,172,FU-PTF-0172.jpg,v3-Highgate101-1.jpg,portfolio,.jpg
PTF,173,FU-PTF-0173.jpg,v3-Highgate102-1.jpg,portfolio,.jpg
PTF,174,FU-PTF-0174.jpg,v3-Highgate103-1.jpg,portfolio,.jpg
PTF,175,FU-PTF-0175.jpg,v3-Highgate107-scaled-1.jpg,portfolio,.jpg
PTF,176,FU-PTF-0176.jpg,v3-Highgate110-scaled-2.jpg,portfolio,.jpg
PTF,177,FU-PTF-0177.jpg,v3-Highgate111-scaled-1.jpg,portfolio,.jpg
PTF,178,FU-PTF-0178.jpg,v3-Highgate112-scaled-1.jpg,portfolio,.jpg
PTF,179,FU-PTF-0179.jpg,v4-Kardinya104-scaled-1 (1).jpg,portfolio,.jpg
PTF,180,FU-PTF-0180.jpg,v4-Kardinya104-scaled-1.jpg,portfolio,.jpg
PTF,181,FU-PTF-0181.jpg,v4-Kardinya112-scaled-1.jpg,portfolio,.jpg
PTF,182,FU-PTF-0182.jpg,v4-Kardinya114-scaled-1.jpg,portfolio,.jpg
PTF,183,FU-PTF-0183.jpg,v4-Kardinya115-scaled-1.jpg,portfolio,.jpg
PTF,184,FU-PTF-0184.jpg,v4-Kardinya116-scaled-1-1.jpg,portfolio,.jpg
PTF,185,FU-PTF-0185.jpg,v4-Kardinya119-scaled-1.jpg,portfolio,.jpg
PTF,186,FU-PTF-0186.jpg,v5-Kensington305-scaled (1).jpg,portfolio,.jpg
PTF,187,FU-PTF-0187.jpg,v5-Kensington305-scaled.jpg,portfolio,.jpg
PTF,188,FU-PTF-0188.jpg,v5-Kensington307-scaled.jpg,portfolio,.jpg
PTF,189,FU-PTF-0189.jpg,v5-Kensington315-scaled.jpg,portfolio,.jpg
PTF,190,FU-PTF-0190.jpg,v5-Kensington318-scaled.jpg,portfolio,.jpg
PTF,191,FU-PTF-0191.jpg,v6-Maylands115-scaled-1.jpg,portfolio,.jpg
PTF,192,FU-PTF-0192.jpg,v6-Maylands117-scaled.jpg,portfolio,.jpg
PTF,193,FU-PTF-0193.jpg,v6-Maylands119-scaled.jpg,portfolio,.jpg
PTF,194,FU-PTF-0194.jpg,v6-Maylands122-scaled.jpg,portfolio,.jpg
PTF,195,FU-PTF-0195.jpg,v6-Maylands124-scaled.jpg,portfolio,.jpg
PTF,196,FU-PTF-0196.jpg,v7-hallway-arch.jpg,portfolio,.jpg
PTF,197,FU-PTF-0197.jpg,v7-interior-02.jpg,portfolio,.jpg
PTF,198,FU-PTF-0198.jpg,v7-interior-03.jpg,portfolio,.jpg
PTF,199,FU-PTF-0199.jpg,v7-interior-05.jpg,portfolio,.jpg
PTF,200,FU-PTF-0200.jpg,v7-interior-06.jpg,portfolio,.jpg
PTF,201,FU-PTF-0201.jpg,villa-exterior-modern-pool.jpg,portfolio,.jpg
PTF,202,FU-PTF-0202.jpg,villa-exterior-putting-green.jpg,portfolio,.jpg
PTF,203,FU-PTF-0203.jpg,villa-wraparound-pool.jpg,portfolio,.jpg
AUT,1,FU-AUT-0001.webp,bathroom-chandelier-marble-full.webp,real,.webp
AUT,2,FU-AUT-0002.webp,bathroom-freestanding-tub-gold-fixtures.webp,real,.webp
AUT,3,FU-AUT-0003.webp,dining-room-chandelier-coffered-ceiling.webp,real,.webp
AUT,4,FU-AUT-0004.webp,dining-room-garden-view-wide.webp,real,.webp
AUT,5,FU-AUT-0005.webp,living-room-art-cove-lighting.webp,real,.webp
AUT,6,FU-AUT-0006.webp,living-room-sofa-cove-ceiling.webp,real,.webp
AUT,7,FU-AUT-0007.webp,walkin-closet-classic-chandelier.webp,real,.webp
AUT,8,FU-AUT-0008.webp,walkin-closet-modern-island-display.webp,real,.webp
AUT,9,FU-AUT-0009.webp,wardrobe-panelled-doors-gold-handles.webp,real,.webp
SOL,1,FU-SOL-0001.webp,solar-villa-flat-roof-meter-05-card.webp,solar,.webp
SOL,2,FU-SOL-0002.webp,solar-villa-flat-roof-meter-05.webp,solar,.webp
SOL,3,FU-SOL-0003.webp,solar-villa-panels-inverter-04-card.webp,solar,.webp
SOL,4,FU-SOL-0004.webp,solar-villa-panels-inverter-04.webp,solar,.webp
SOL,5,FU-SOL-0005.webp,solar-villa-rooftop-battery-08-card.webp,solar,.webp
SOL,6,FU-SOL-0006.webp,solar-villa-rooftop-battery-08.webp,solar,.webp
SOL,7,FU-SOL-0007.webp,solar-villa-rooftop-dewa-06-card.webp,solar,.webp
SOL,8,FU-SOL-0008.webp,solar-villa-rooftop-dewa-06.webp,solar,.webp
SOL,9,FU-SOL-0009.webp,solar-villa-rooftop-dewa-meter-01-card.webp,solar,.webp
SOL,10,FU-SOL-0010.webp,solar-villa-rooftop-dewa-meter-01.webp,solar,.webp
SOL,11,FU-SOL-0011.webp,solar-villa-rooftop-inverter-02-card.webp,solar,.webp
SOL,12,FU-SOL-0012.webp,solar-villa-rooftop-inverter-02.webp,solar,.webp
SOL,13,FU-SOL-0013.webp,solar-villa-tiled-roof-dewa-03-card.webp,solar,.webp
SOL,14,FU-SOL-0014.webp,solar-villa-tiled-roof-dewa-03.webp,solar,.webp
SOL,15,FU-SOL-0015.webp,solar-villa-tiled-roof-inverter-07-card.webp,solar,.webp
SOL,16,FU-SOL-0016.webp,solar-villa-tiled-roof-inverter-07.webp,solar,.webp
TMM,1,FU-TMM-0001.webp,team-not-applicable-professional-business-attire-134.webp,team,.webp
TMM,2,FU-TMM-0002.webp,team-not-applicable-professional-lighting-131.webp,team,.webp
TMM,3,FU-TMM-0003.webp,team-not-applicable-professional-lighting-136.webp,team,.webp
TMM,4,FU-TMM-0004.webp,team-not-applicable-professional-lighting-137.webp,team,.webp
TMM,5,FU-TMM-0005.webp,team-not-applicable-professional-lighting-and-comp-133.webp,team,.webp
TMM,6,FU-TMM-0006.webp,team-not-applicable-professional-portrait-lighting-135.webp,team,.webp
TMM,7,FU-TMM-0007.webp,team-not-applicable-professional-styling-132.webp,team,.webp
TMM,8,FU-TMM-0008.jpg,unicorn-carpentry-timber-beam-assembly.jpg,team,.jpg
TMM,9,FU-TMM-0009.webp,unicorn-carpentry-timber-beam-assembly.webp,team,.webp
TMM,10,FU-TMM-0010.jpg,unicorn-flooring-installation-team.jpg,team,.jpg
TMM,11,FU-TMM-0011.webp,unicorn-flooring-installation-team.webp,team,.webp
TMM,12,FU-TMM-0012.jpg,unicorn-full-villa-renovation-team.jpg,team,.jpg
TMM,13,FU-TMM-0013.webp,unicorn-full-villa-renovation-team.webp,team,.webp
TMM,14,FU-TMM-0014.jpg,unicorn-glass-balustrade-installation.jpg,team,.jpg
TMM,15,FU-TMM-0015.webp,unicorn-glass-balustrade-installation.webp,team,.webp
TMM,16,FU-TMM-0016.jpg,unicorn-high-level-drywall-scaffolding.jpg,team,.jpg
TMM,17,FU-TMM-0017.webp,unicorn-high-level-drywall-scaffolding.webp,team,.webp
TMM,18,FU-TMM-0018.jpg,unicorn-joinery-shelving-installation.jpg,team,.jpg
TMM,19,FU-TMM-0019.webp,unicorn-joinery-shelving-installation.webp,team,.webp
TMM,20,FU-TMM-0020.jpg,unicorn-painting-crew-villa-corridor.jpg,team,.jpg
TMM,21,FU-TMM-0021.webp,unicorn-painting-crew-villa-corridor.webp,team,.webp
TMM,22,FU-TMM-0022.jpg,unicorn-structural-renovation-scaffolding.jpg,team,.jpg
TMM,23,FU-TMM-0023.webp,unicorn-structural-renovation-scaffolding.webp,team,.webp
TMM,24,FU-TMM-0024.jpg,unicorn-team-drywall-villa-renovation.jpg,team,.jpg
TMM,25,FU-TMM-0025.webp,unicorn-team-drywall-villa-renovation.webp,team,.webp
TMM,26,FU-TMM-0026.jpg,unicorn-team-gypsum-timber-ceiling.jpg,team,.jpg
TMM,27,FU-TMM-0027.webp,unicorn-team-gypsum-timber-ceiling.webp,team,.webp
TMM,28,FU-TMM-0028.jpg,unicorn-villa-finishing-staircase.jpg,team,.jpg
TMM,29,FU-TMM-0029.webp,unicorn-villa-finishing-staircase.webp,team,.webp
